given_name,gender_code,ethnicity_code,count
Aahil,m,a,139
Aaliyah,f,a,21
Aaliyah,f,b,1815
Aaliyah,f,h,1703
Aarav,m,a,331
Aaron,m,a,1674
Aaron,m,b,1228
Aaron,m,h,3428
Aaron,m,w,2336
Aarya,f,a,71
Aaryan,m,a,23
Aayan,m,a,273
Aayat,f,a,10
Abby,f,a,413
Abby,f,h,80
Abdiel,m,h,258
Abdoul,m,b,253
Abdoulaye,m,b,405
Abdul,m,a,397
Abdul,m,b,90
Abdullah,m,a,786
Abdullah,m,w,127
Abdulloh,m,w,28
Abe,m,w,11
Abel,m,h,597
Abigail,f,a,830
Abigail,f,b,1367
Abigail,f,h,2743
Abigail,f,w,2986
Aboubacar,m,b,13
Abraham,m,b,148
Abraham,m,h,709
Abraham,m,w,4273
Abrar,m,a,56
Abrielle,f,b,66
Abril,f,h,60
Abubakr,m,w,11
Ace,m,b,41
Ace,m,h,11
Ada,f,a,234
Ada,f,w,316
Adalynn,f,h,10
Adam,m,a,994
Adam,m,b,596
Adam,m,h,1294
Adam,m,w,4451
Adan,m,h,186
Addison,f,b,102
Addison,f,h,13
Addison,f,w,710
Adelaide,f,w,361
Adele,f,h,21
Adele,f,w,641
Adelina,f,w,88
Adeline,f,h,56
Adeline,f,w,339
Adelyn,f,h,93
Adelynn,f,h,11
Aden,m,a,12
Aden,m,b,408
Aden,m,h,210
Adiel,m,h,34
Adina,f,w,577
Aditya,m,a,228
Adonis,m,b,425
Adonis,m,h,474
Adrian,m,a,664
Adrian,m,b,480
Adrian,m,h,4034
Adrian,m,w,1170
Adriana,f,h,1444
Adriana,f,w,802
Adrianna,f,b,204
Adrianna,f,h,507
Adrianna,f,w,384
Adriel,m,h,896
Adyan,m,a,193
Ahad,m,a,10
Aharon,m,w,412
Ahmad,m,a,50
Ahmad,m,w,261
Ahmed,m,a,462
Ahmed,m,b,159
Ahmed,m,w,860
Ahnaf,m,a,157
Ahron,m,w,222
Ahuva,f,w,496
Aicha,f,b,437
Aidan,m,a,808
Aidan,m,b,373
Aidan,m,h,773
Aidan,m,w,1103
Aiden,m,a,3297
Aiden,m,b,3741
Aiden,m,h,5199
Aiden,m,w,2145
Ailani,f,h,11
Aileen,f,a,10
Aileen,f,h,580
Aimee,f,h,160
Aisha,f,a,452
Aisha,f,b,513
Aisha,f,h,78
Aisha,f,w,214
Aissata,f,b,60
Aissatou,f,b,370
Aitana,f,h,11
Aiza,f,a,229
Aizah,f,a,42
Akiva,m,w,661
Alahia,f,h,10
Alaia,f,h,339
Alaina,f,h,21
Alan,m,a,862
Alan,m,h,1494
Alan,m,w,610
Alana,f,b,479
Alana,f,h,477
Alana,f,w,72
Alani,f,b,153
Alani,f,h,231
Alanis,f,h,235
Alanna,f,h,137
Alayna,f,a,10
Alayna,f,h,47
Alba,f,h,10
Albert,m,a,395
Albert,m,h,507
Albert,m,w,419
Alberto,m,h,340
Aldo,m,h,144
Aleah,f,h,66
Alec,m,w,132
Aleena,f,a,411
Aleena,f,h,11
Alejandra,f,h,411
Alejandro,m,h,1782
Aleksander,m,w,60
Aleksandra,f,w,66
Alessandra,f,h,369
Alessandra,f,w,467
Alessandro,m,h,33
Alessandro,m,w,11
Alessia,f,h,16
Alessia,f,w,468
Alex,m,a,1289
Alex,m,b,217
Alex,m,h,1645
Alex,m,w,832
Alexa,f,a,60
Alexa,f,b,72
Alexa,f,h,1867
Alexa,f,w,1249
Alexander,m,a,1568
Alexander,m,b,1155
Alexander,m,h,5261
Alexander,m,w,5861
Alexandra,f,a,341
Alexandra,f,b,66
Alexandra,f,h,1014
Alexandra,f,w,2820
Alexandria,f,b,70
Alexandria,f,w,60
Alexia,f,h,306
Alexia,f,w,60
Alexis,f,a,120
Alexis,f,b,330
Alexis,f,h,76
Alexis,f,w,642
Alexis,m,h,1203
Alfred,m,a,108
Alfredo,m,h,172
Ali,m,a,525
Ali,m,b,259
Ali,m,w,1147
Alia,f,h,49
Aliah,f,h,44
Alice,f,a,889
Alice,f,h,546
Alice,f,w,1532
Alicia,f,a,72
Alicia,f,b,156
Alicia,f,h,508
Alicia,f,w,66
Alijah,m,b,60
Alina,f,a,932
Alina,f,h,520
Alina,f,w,417
Alisa,f,a,66
Alisa,f,w,335
Alisha,f,a,285
Alison,f,h,737
Alissa,f,h,60
Alisson,f,h,261
Aliya,f,a,20
Aliya,f,w,10
Aliyah,f,a,82
Aliyah,f,b,565
Aliyah,f,h,568
Aliza,f,a,46
Aliza,f,w,539
Allan,m,h,258
Allen,m,a,694
Allen,m,h,399
Allen,m,w,66
Allison,f,a,426
Allison,f,h,2648
Allison,f,w,397
Allyson,f,h,454
Alma,f,h,179
Alma,f,w,281
Alondra,f,h,436
Alonso,m,h,82
Alpha,m,b,299
Alston,m,a,212
Alter,m,w,90
Alvin,m,a,1070
Alvin,m,b,60
Alvin,m,h,162
Alyson,f,h,66
Alyssa,f,a,625
Alyssa,f,b,788
Alyssa,f,h,1244
Alyssa,f,w,704
Amadou,m,b,456
Amaia,f,h,133
Amalia,f,h,279
Amalia,f,w,204
Amanda,f,a,466
Amanda,f,b,168
Amanda,f,h,935
Amanda,f,w,325
Amani,f,b,160
Amar'e,m,b,240
Amara,f,a,33
Amara,f,b,126
Amara,f,h,12
Amara,f,w,10
Amare,m,b,330
Amari,m,b,1202
Amari,m,h,37
Amaya,f,a,116
Amaya,f,b,848
Amaya,f,h,973
Amayah,f,b,23
Amayah,f,h,11
Ambar,f,h,12
Amber,f,a,489
Amber,f,b,274
Amber,f,h,707
Amberly,f,h,66
Ameer,m,b,10
Ameer,m,w,26
Amelia,f,a,812
Amelia,f,b,668
Amelia,f,h,1392
Amelia,f,w,2152
Amelie,f,h,76
Amelie,f,w,348
Amia,f,b,72
Amina,f,a,189
Amina,f,b,549
Amina,f,h,10
Amina,f,w,606
Aminata,f,b,744
Amir,m,a,10
Amir,m,b,2601
Amir,m,h,618
Amir,m,w,730
Amira,f,a,31
Amira,f,b,452
Amira,f,h,39
Amira,f,w,416
Amirah,f,b,509
Amirah,f,h,13
Amirjon,m,w,10
Amiya,f,b,60
Amiyah,f,b,536
Amora,f,b,15
Amrom,m,w,100
Amy,f,a,687
Amy,f,h,2162
Amy,f,w,228
Ana,f,h,961
Ana,f,w,201
Anabel,f,h,66
Anabella,f,h,154
Anabelle,f,h,60
Anabia,f,a,68
Anahi,f,h,12
Anais,f,h,73
Analia,f,h,338
Ananya,f,a,60
Anas,m,w,16
Anastasia,f,h,63
Anastasia,f,w,709
Anaya,f,a,498
Anaya,f,b,246
Anaya,f,h,230
Anayah,f,a,60
Anderson,m,a,96
Anderson,m,h,810
Anderson,m,w,80
Andre,m,b,423
Andre,m,h,258
Andrea,f,h,1328
Andres,m,h,990
Andrew,m,a,1480
Andrew,m,b,915
Andrew,m,h,2754
Andrew,m,w,3111
Andy,m,a,1221
Andy,m,h,1016
Angel,f,a,440
Angel,f,b,284
Angel,m,b,141
Angel,m,h,5955
Angela,f,a,1514
Angela,f,h,588
Angela,f,w,20
Angelica,f,h,725
Angelica,f,w,132
Angelina,f,a,720
Angelina,f,b,275
Angelina,f,h,1465
Angelina,f,w,1223
Angeline,f,h,72
Angelique,f,h,568
Angelo,m,h,410
Angelo,m,w,481
Angely,f,h,66
Angie,f,a,71
Angie,f,h,523
Angus,m,a,96
Anika,f,a,188
Anisa,f,a,10
Anisa,f,w,194
Anisha,f,a,84
Aniya,f,b,350
Aniyah,f,b,743
Aniyah,f,h,168
Anjali,f,a,10
Anna,f,a,1014
Anna,f,h,275
Anna,f,w,2594
Annabel,f,w,253
Annabella,f,h,198
Annabelle,f,a,294
Annabelle,f,b,80
Annabelle,f,h,287
Annabelle,f,w,689
Annalise,f,h,124
Anne,f,a,96
Anne,f,w,208
Annie,f,a,681
Annie,f,h,11
Annika,f,a,72
Ansel,m,w,11
Anson,m,a,596
Anthony,m,a,1057
Anthony,m,b,1442
Anthony,m,h,5019
Anthony,m,w,3373
Anton,m,w,142
Antonella,f,h,115
Antonia,f,w,263
Antonio,m,b,276
Antonio,m,h,803
Antonio,m,w,722
Anya,f,a,264
Anya,f,w,11
April,f,h,389
Arabella,f,h,108
Arabella,f,w,12
Archer,m,w,257
Arden,f,w,13
Arely,f,h,210
Arham,m,a,225
Ari,m,w,1117
Aria,f,a,697
Aria,f,b,555
Aria,f,h,549
Aria,f,w,819
Ariadna,f,h,22
Ariadne,f,h,12
Ariah,f,b,118
Ariah,f,h,11
Arian,m,h,66
Ariana,f,a,677
Ariana,f,b,564
Ariana,f,h,2094
Ariana,f,w,951
Arianna,f,a,397
Arianna,f,b,1079
Arianna,f,h,2071
Arianna,f,w,830
Arianny,f,h,171
Ariel,f,a,345
Ariel,f,b,1058
Ariel,f,h,475
Ariel,f,w,241
Ariel,m,h,499
Ariel,m,w,635
Ariela,f,w,60
Ariella,f,a,13
Ariella,f,b,11
Ariella,f,h,320
Ariella,f,w,860
Arielle,f,b,604
Arielle,f,h,224
Arielle,f,w,145
Arisha,f,a,173
Ariyah,f,b,35
Arjun,m,a,608
Arleth,f,h,11
Arlette,f,h,48
Arlo,m,w,188
Armaan,m,a,194
Armando,m,h,150
Armani,m,b,60
Armani,m,h,461
Aron,m,w,1901
Arthur,m,a,39
Arthur,m,w,892
Arturo,m,h,80
Arvin,m,a,66
Arya,f,a,652
Arya,f,b,51
Arya,f,h,177
Arya,f,w,41
Aryan,m,a,550
Arye,m,w,82
Aryeh,m,w,736
Asher,m,a,277
Asher,m,b,164
Asher,m,h,87
Asher,m,w,1840
Ashley,f,a,1189
Ashley,f,b,430
Ashley,f,h,4079
Ashley,f,w,478
Ashly,f,h,89
Ashton,m,a,36
Ashton,m,b,664
Ashton,m,h,387
Ashton,m,w,132
Asia,f,b,72
Astrid,f,w,10
Atara,f,w,149
Athena,f,a,232
Athena,f,b,10
Athena,f,h,528
Athena,f,w,236
Atticus,m,w,60
Aubree,f,b,172
Aubree,f,h,224
Aubrey,f,b,626
Aubrey,f,h,915
Aubrey,f,w,275
Audrey,f,a,829
Audrey,f,b,11
Audrey,f,h,282
Audrey,f,w,974
August,m,b,40
August,m,h,26
August,m,w,760
Augustus,m,w,80
Aurelia,f,w,12
Aurora,f,a,37
Aurora,f,b,11
Aurora,f,h,407
Aurora,f,w,267
Austin,m,a,1745
Austin,m,b,638
Austin,m,h,892
Austin,m,w,765
Autumn,f,b,827
Autumn,f,h,233
Autumn,f,w,95
Ava,f,a,1112
Ava,f,b,1934
Ava,f,h,2078
Ava,f,w,4262
Avery,f,a,461
Avery,f,b,320
Avery,f,h,540
Avery,f,w,1715
Avery,m,a,66
Avery,m,b,600
Avery,m,h,457
Avery,m,w,223
Avi,m,w,268
Aviel,m,w,10
Avigail,f,w,319
Avital,f,w,60
Aviva,f,w,409
Avraham,m,w,1373
Avril,f,h,66
Avrohom,m,w,805
Avrum,m,w,420
Awa,f,b,60
Axel,m,h,1690
Axel,m,w,209
Aya,f,w,191
Ayaan,m,a,1247
Ayala,f,w,106
Ayan,m,a,402
Ayanna,f,b,78
Ayat,f,a,58
Ayden,m,a,555
Ayden,m,b,1796
Ayden,m,h,2359
Ayden,m,w,285
Aydin,m,a,34
Aydin,m,w,66
Ayelet,f,w,12
Ayesha,f,a,617
Ayla,f,h,35
Ayla,f,w,387
Ayleen,f,h,274
Aylin,f,h,764
Ayra,f,a,10
Azaan,m,a,73
Azaria,f,b,60
Azariah,f,b,20
Aziza,f,w,66
Baila,f,w,1353
Bailey,f,b,10
Bailey,f,w,12
Barbara,f,w,146
Baruch,m,w,472
Basya,f,w,84
Batsheva,f,w,920
Batya,f,w,102
Beatrice,f,w,887
Beatrix,f,w,109
Beau,m,w,21
Beckett,m,w,325
Belen,f,h,10
Bella,f,a,710
Bella,f,b,387
Bella,f,h,1563
Bella,f,w,810
Ben,m,w,581
Benjamin,m,a,1135
Benjamin,m,b,659
Benjamin,m,h,1747
Benjamin,m,w,6273
Bennett,m,w,425
Benson,m,a,461
Bentzion,m,w,82
Benzion,m,w,465
Berish,m,w,143
Berl,m,w,125
Bethany,f,h,10
Bianca,f,h,612
Bianca,f,w,254
Billie,f,w,11
Bina,f,w,12
Bintou,f,b,109
Binyamin,m,w,114
Binyomin,m,w,324
Blair,f,w,10
Blake,f,w,227
Blake,m,b,515
Blake,m,h,174
Blake,m,w,586
Blessing,f,b,91
Blima,f,w,757
Blimy,f,w,753
Bodhi,m,a,10
Bodhi,m,w,50
Bonnie,f,a,143
Boruch,m,w,352
Boubacar,m,b,172
Bowen,m,a,60
Bracha,f,w,707
Bradley,m,a,10
Bradley,m,b,228
Bradley,m,h,594
Bradley,m,w,166
Brady,m,w,394
Brandon,m,a,1032
Brandon,m,b,1147
Brandon,m,h,3773
Brandon,m,w,1054
Brayan,m,h,577
Brayden,m,a,265
Brayden,m,b,10
Brayden,m,h,443
Brayden,m,w,455
Breindy,f,w,311
Brenda,f,h,325
Brendan,m,a,70
Brendan,m,w,517
Bria,f,b,66
Brian,m,a,1128
Brian,m,b,384
Brian,m,h,1008
Brian,m,w,610
Briana,f,h,703
Brianna,f,a,148
Brianna,f,b,782
Brianna,f,h,2758
Brianna,f,w,569
Brianny,f,h,70
Bridget,f,w,239
Briella,f,h,14
Briella,f,w,10
Brielle,f,b,1131
Brielle,f,h,339
Brielle,f,w,228
Brigitte,f,h,66
Britney,f,h,244
Brittany,f,h,708
Brody,m,w,524
Brooke,f,b,334
Brooke,f,h,60
Brooke,f,w,770
Brooklyn,f,b,94
Brooklyn,f,w,110
Brooks,m,w,119
Bruce,m,a,60
Bruce,m,h,248
Brucha,f,w,206
Bruchy,f,w,465
Bruno,m,h,21
Bryan,m,a,510
Bryan,m,b,318
Bryan,m,h,2329
Bryan,m,w,95
Bryanna,f,h,366
Bryant,m,h,355
Bryce,m,b,876
Bryce,m,h,284
Bryce,m,w,129
Brynn,f,w,154
Bryson,m,b,497
Bryson,m,h,92
Burech,m,w,11
Byron,m,h,288
Caden,m,a,18
Caden,m,b,142
Caden,m,w,60
Caiden,m,b,296
Caiden,m,h,21
Cairo,m,b,165
Cairo,m,h,14
Caitlin,f,w,258
Caleb,m,a,611
Caleb,m,b,1369
Caleb,m,h,1264
Caleb,m,w,909
Cali,f,b,161
Cali,f,h,11
Callie,f,w,14
Calvin,m,a,292
Calvin,m,b,60
Calvin,m,w,298
Camden,m,b,81
Camden,m,w,10
Cameron,f,w,79
Cameron,m,a,111
Cameron,m,b,1358
Cameron,m,h,554
Cameron,m,w,696
Camila,f,h,4878
Camila,f,w,105
Camilla,f,h,162
Camilla,f,w,226
Camille,f,b,210
Camille,f,h,11
Camille,f,w,189
Camilo,m,h,148
Camren,m,b,142
Carina,f,a,199
Carla,f,h,176
Carlos,m,h,2628
Carly,f,w,60
Carmelo,m,b,222
Carmelo,m,h,250
Carmen,f,h,340
Carmine,m,w,78
Carolina,f,h,204
Carolina,f,w,125
Caroline,f,a,293
Caroline,f,h,352
Caroline,f,w,1344
Carson,m,a,519
Carson,m,b,10
Carter,m,a,214
Carter,m,b,1878
Carter,m,h,405
Carter,m,w,671
Casey,f,w,72
Cassandra,f,h,70
Cassandra,f,w,60
Cassidy,f,b,11
Cassidy,f,w,130
Cataleya,f,h,162
Catalina,f,h,428
Catherine,f,a,634
Catherine,f,h,229
Catherine,f,w,1039
Cayden,m,a,10
Cayden,m,b,560
Cayden,m,h,88
Cecelia,f,w,66
Cecilia,f,a,289
Cecilia,f,h,83
Cecilia,f,w,675
Celeste,f,h,159
Celeste,f,w,20
Celia,f,w,210
Celine,f,a,270
Celine,f,b,12
Celine,f,h,124
Celine,f,w,213
Cesar,m,h,798
Chace,m,b,11
Chad,m,b,149
Chaim,m,w,4304
Chana,f,w,3898
Chance,m,b,648
Chanel,f,b,76
Chanel,f,h,21
Chanie,f,w,60
Chany,f,w,1084
Charles,m,a,581
Charles,m,b,385
Charles,m,h,383
Charles,m,w,3726
Charlie,f,w,280
Charlie,m,h,198
Charlie,m,w,661
Charlotte,f,a,790
Charlotte,f,b,121
Charlotte,f,h,750
Charlotte,f,w,3714
Chase,m,a,165
Chase,m,b,1598
Chase,m,h,589
Chase,m,w,871
Chava,f,w,1130
Chavy,f,w,388
Chaya,f,w,5260
Chelsea,f,a,303
Chelsea,f,b,808
Chelsea,f,h,1026
Chelsea,f,w,84
Cheskel,m,w,391
Chesky,m,w,225
Cheyenne,f,b,120
Chiara,f,w,82
Chloe,f,a,3417
Chloe,f,b,1819
Chloe,f,h,1747
Chloe,f,w,2591
Chris,m,a,187
Chris,m,b,132
Chris,m,h,661
Chris,m,w,84
Christian,m,a,537
Christian,m,b,2368
Christian,m,h,3288
Christian,m,w,1666
Christina,f,a,455
Christina,f,b,387
Christina,f,h,188
Christina,f,w,323
Christine,f,a,235
Christopher,m,a,604
Christopher,m,b,1725
Christopher,m,h,4990
Christopher,m,w,2311
Christy,f,a,72
Cindy,f,a,487
Cindy,f,h,144
Claire,f,a,991
Claire,f,h,11
Claire,f,w,1149
Clara,f,a,37
Clara,f,h,66
Clara,f,w,1009
Clark,m,w,25
Claudia,f,w,96
Clementine,f,w,137
Cleo,f,w,10
Cody,m,a,146
Cody,m,b,60
Cody,m,w,10
Cole,m,w,811
Colette,f,w,451
Colin,m,a,179
Colin,m,w,1021
Colton,m,w,114
Connie,f,a,150
Connor,m,a,538
Connor,m,b,181
Connor,m,h,10
Connor,m,w,1340
Conor,m,w,346
Cooper,m,w,922
Cora,f,w,521
Corey,m,b,153
Cormac,m,w,66
Cristian,m,h,1167
Cristina,f,h,60
Cristofer,m,h,66
Cristopher,m,h,256
Crosby,m,w,11
Crystal,f,a,324
Crystal,f,h,507
Cynthia,f,a,504
Cynthia,f,h,192
Cyrus,m,a,102
Cyrus,m,w,44
Dahlia,f,h,25
Dahlia,f,w,386
Daisy,f,a,78
Daisy,f,h,626
Daisy,f,w,218
Dakota,f,b,305
Daleyza,f,h,110
Dalia,f,w,172
Dallas,m,b,44
Damani,m,b,60
Damari,m,b,10
Damaris,f,h,66
Damian,m,h,1225
Damian,m,w,274
Damien,m,h,391
Damon,m,a,184
Dana,f,h,192
Dana,f,w,12
Daniel,m,a,2409
Daniel,m,b,1741
Daniel,m,h,5435
Daniel,m,w,6117
Daniela,f,h,1602
Daniela,f,w,148
Daniella,f,h,677
Daniella,f,w,902
Danielle,f,b,354
Danielle,f,h,60
Danielle,f,w,460
Danna,f,h,914
Danny,m,a,298
Danny,m,h,567
Dante,m,h,457
Dante,m,w,150
Daphne,f,a,160
Daphne,f,h,22
Daphne,f,w,331
Dara,f,h,12
Daria,f,w,22
Dariel,m,h,817
Darius,m,b,251
Darren,m,a,618
Darren,m,b,210
Darwin,m,h,447
Dashiell,m,w,132
David,m,a,933
David,m,b,1754
David,m,h,4712
David,m,w,7828
Dayana,f,h,552
Dean,m,a,22
Dean,m,h,204
Dean,m,w,682
Deborah,f,b,60
Deborah,f,h,10
Declan,m,w,1014
Delilah,f,h,993
Delilah,f,w,70
Demi,f,b,10
Denis,m,w,60
Denise,f,h,156
Denisse,f,h,11
Dennis,m,h,140
Dennis,m,w,138
Denzel,m,h,168
Dereck,m,h,142
Derek,m,a,827
Derek,m,h,1454
Derek,m,w,154
Derick,m,h,168
Derrick,m,a,11
Derrick,m,b,197
Desmond,m,w,164
Destiny,f,b,830
Destiny,f,h,795
Devin,m,a,468
Devin,m,b,374
Devin,m,h,511
Devin,m,w,309
Devoiry,f,w,24
Devon,m,b,60
Devora,f,w,563
Devorah,f,w,1298
Devory,f,w,10
Diana,f,a,11
Diana,f,h,1093
Diana,f,w,548
Diego,m,h,1648
Dilan,m,h,90
Dillon,m,w,10
Dina,f,w,1103
Dion,m,w,10
Dior,f,b,15
Diya,f,a,149
Diyora,f,w,11
Dominic,m,b,438
Dominic,m,h,773
Dominic,m,w,771
Dominick,m,b,60
Dominick,m,h,397
Dominick,m,w,470
Donovan,m,b,120
Donovan,m,h,122
Donovan,m,w,15
Doris,f,a,138
Dov,m,w,1071
Dovid,m,w,921
Dream,f,b,28
Drew,m,w,179
Dua,f,a,10
Dua,f,w,11
Dulce,f,h,276
Duvid,m,w,207
Dwayne,m,b,84
Dylan,f,b,66
Dylan,f,w,645
Dylan,m,a,1513
Dylan,m,b,1300
Dylan,m,h,6686
Dylan,m,w,3105
Ean,m,h,99
Eason,m,a,807
Eddie,m,a,72
Eddie,m,h,72
Eddy,m,h,122
Eden,f,b,188
Eden,f,w,535
Eden,m,a,230
Eden,m,w,10
Edgar,m,h,658
Edison,m,a,310
Edison,m,h,178
Edith,f,w,134
Eduardo,m,h,831
Edward,m,a,276
Edward,m,b,60
Edward,m,h,1079
Edward,m,w,1090
Edwin,m,a,258
Edwin,m,h,1340
Efraim,m,w,548
Egypt,f,b,305
Eileen,f,a,439
Eileen,f,h,326
Eitan,m,w,467
Elaine,f,a,547
Elan,m,w,154
Eleanor,f,a,240
Eleanor,f,w,1543
Elena,f,a,442
Elena,f,h,757
Elena,f,w,669
Eleni,f,w,60
Eli,m,a,235
Eli,m,b,713
Eli,m,h,1203
Eli,m,w,2811
Eliam,m,h,119
Elian,m,h,633
Eliana,f,a,122
Eliana,f,b,185
Eliana,f,h,1016
Eliana,f,w,1365
Elianna,f,h,79
Elianny,f,h,176
Elias,m,a,24
Elias,m,b,311
Elias,m,h,2259
Elias,m,w,831
Eliel,m,h,33
Eliezer,m,w,1119
Elijah,m,a,425
Elijah,m,b,3482
Elijah,m,h,2928
Elijah,m,w,875
Elimelech,m,w,493
Elina,f,a,356
Elina,f,w,11
Eliot,m,w,10
Elisa,f,h,374
Elisa,f,w,12
Elise,f,a,100
Elise,f,b,71
Elise,f,w,316
Elisheva,f,w,425
Eliyahu,m,w,864
Eliza,f,h,163
Eliza,f,w,676
Elizabeth,f,a,630
Elizabeth,f,b,680
Elizabeth,f,h,1664
Elizabeth,f,w,2844
Ella,f,a,1052
Ella,f,b,117
Ella,f,h,640
Ella,f,w,3690
Elle,f,w,504
Elliana,f,h,10
Elliana,f,w,132
Ellie,f,a,502
Ellie,f,h,43
Ellie,f,w,709
Elliot,m,a,22
Elliot,m,h,44
Elliot,m,w,948
Elliott,f,w,13
Elliott,m,w,383
Ellis,m,w,284
Elodie,f,w,10
Eloise,f,w,890
Elsa,f,a,166
Elsa,f,w,228
Eluzer,m,w,89
Elvin,m,h,60
Elvis,m,a,286
Elvis,m,h,60
Elya,m,w,43
Emaan,f,a,71
Emani,f,b,72
Emanuel,m,h,705
Emanuel,m,w,11
Emely,f,h,1521
Emerson,f,w,444
Emerson,m,w,25
Emery,f,w,24
Emil,m,h,10
Emilia,f,a,85
Emilia,f,h,489
Emilia,f,w,1349
Emiliano,m,h,278
Emilio,m,h,644
Emily,f,a,2519
Emily,f,b,929
Emily,f,h,4580
Emily,f,w,3663
Emir,m,w,11
Emma,f,a,2336
Emma,f,b,649
Emma,f,h,4571
Emma,f,w,5807
Emmanuel,m,a,60
Emmanuel,m,b,1097
Emmanuel,m,h,1833
Emmanuel,m,w,83
Emmanuella,f,b,13
Emmeline,f,w,132
Emmett,m,w,340
Emmy,f,h,11
Emmy,f,w,28
Empress,f,b,12
Enrique,m,h,277
Enzo,m,a,12
Enzo,m,h,211
Enzo,m,w,42
Ephraim,m,w,104
Eric,m,a,2496
Eric,m,b,436
Eric,m,h,1068
Eric,m,w,785
Erica,f,a,335
Erick,m,h,1785
Erik,m,h,240
Erik,m,w,131
Erika,f,a,72
Erika,f,h,326
Erin,f,a,347
Erin,f,b,137
Erin,f,w,150
Ermias,m,b,10
Ermias,m,h,12
Eshaal,f,a,98
Eshal,f,a,66
Eshan,m,a,10
Esme,f,w,238
Esmeralda,f,h,659
Essence,f,b,66
Esteban,m,h,286
Estelle,f,w,89
Ester,f,w,271
Esther,f,a,201
Esther,f,b,88
Esther,f,h,490
Esther,f,w,6301
Estrella,f,h,90
Esty,f,w,651
Ethan,m,a,4714
Ethan,m,b,3541
Ethan,m,h,6772
Ethan,m,w,3744
Etty,f,w,511
Eunice,f,a,71
Eva,f,a,746
Eva,f,b,275
Eva,f,h,1134
Eva,f,w,1801
Evan,m,a,1945
Evan,m,b,448
Evan,m,h,1728
Evan,m,w,1564
Evangeline,f,h,159
Evangeline,f,w,182
Eve,f,w,534
Evelina,f,w,10
Evelyn,f,a,909
Evelyn,f,h,1367
Evelyn,f,w,1592
Everett,m,w,408
Everly,f,h,38
Everly,f,w,153
Evie,f,w,117
Eyad,m,w,27
Ezekiel,m,b,159
Ezekiel,m,h,335
Ezequiel,m,h,376
Ezra,m,b,142
Ezra,m,h,237
Ezra,m,w,1387
Ezriel,m,w,98
Fabian,m,h,265
Faiga,f,w,669
Faigy,f,w,2030
Faith,f,a,60
Faith,f,b,1162
Faith,f,h,662
Faith,f,w,60
Fanta,f,b,280
Farah,f,w,76
Farhan,m,a,191
Farida,f,w,23
Fatima,f,a,808
Fatima,f,b,804
Fatima,f,h,258
Fatima,f,w,244
Fatou,f,b,154
Fatoumata,f,b,1311
Felipe,m,h,105
Felix,m,a,650
Felix,m,h,398
Felix,m,w,748
Fernanda,f,h,182
Fernando,m,h,778
Feynman,m,a,14
Filip,m,w,300
Finley,f,w,88
Finley,m,w,14
Finn,m,w,773
Finnegan,m,w,10
Fiona,f,a,1150
Fiona,f,w,1061
Fishel,m,w,49
Florence,f,w,12
Fradel,f,w,310
Frady,f,w,215
Fraidy,f,w,754
Frances,f,w,398
Francesca,f,h,72
Francesca,f,w,931
Francesco,m,w,399
Francis,m,h,10
Francis,m,w,233
Francisco,m,h,765
Frank,m,a,60
Frank,m,h,340
Frank,m,w,645
Franklin,m,h,187
Freddy,m,h,150
Frederick,m,w,298
Freida,f,w,36
Freya,f,w,86
Frida,f,w,25
Frieda,f,w,59
Frimet,f,w,345
Gabriel,m,a,530
Gabriel,m,b,1122
Gabriel,m,h,3900
Gabriel,m,w,3010
Gabriela,f,h,1604
Gabriela,f,w,397
Gabriella,f,a,180
Gabriella,f,b,773
Gabriella,f,h,2122
Gabriella,f,w,2325
Gabrielle,f,b,1123
Gabrielle,f,h,84
Gabrielle,f,w,420
Gael,m,h,1500
Gaia,f,w,11
Galilea,f,h,14
Gary,m,a,75
Gavin,m,a,687
Gavin,m,b,360
Gavin,m,h,578
Gavin,m,w,1331
Gavriel,m,w,483
Gemma,f,w,539
Genesis,f,b,518
Genesis,f,h,2819
Genevieve,f,w,493
George,m,a,325
George,m,b,71
George,m,h,575
George,m,w,1940
Georgia,f,w,651
Georgina,f,w,23
Geraldine,f,h,144
Gerard,m,h,60
Gerardo,m,h,138
Gia,f,a,66
Gia,f,b,10
Gia,f,h,413
Gia,f,w,653
Giada,f,w,78
Giancarlo,m,w,60
Gianluca,m,w,89
Gianna,f,a,91
Gianna,f,b,351
Gianna,f,h,1344
Gianna,f,w,1445
Gianni,m,b,13
Gianni,m,h,11
Gideon,m,w,11
Giovani,m,h,115
Giovanna,f,w,148
Giovanni,m,b,453
Giovanni,m,h,1265
Giovanni,m,w,867
Giovanny,m,h,150
Giselle,f,a,11
Giselle,f,b,66
Giselle,f,h,858
Giselle,f,w,149
Gittel,f,w,433
Gitty,f,w,2180
Giulia,f,w,83
Giuliana,f,w,951
Giuseppe,m,w,84
Golda,f,w,402
Goldie,f,w,111
Goldy,f,w,799
Gordon,m,a,210
Grace,f,a,1455
Grace,f,b,646
Grace,f,h,1091
Grace,f,w,2263
Graham,m,w,637
Grant,m,w,428
Grayson,m,a,136
Grayson,m,b,71
Grayson,m,h,270
Grayson,m,w,734
Gregory,m,b,60
Gregory,m,h,316
Gregory,m,w,428
Greta,f,w,172
Grey,m,w,10
Greyson,m,b,114
Greyson,m,h,112
Greyson,m,w,291
Griffin,m,w,493
Guadalupe,f,h,720
Gustavo,m,h,264
Guy,m,w,22
Gwendolyn,f,w,12
Hadassa,f,w,66
Hadassah,f,w,361
Hadley,f,w,299
Hafsa,f,a,171
Hailey,f,a,877
Hailey,f,b,763
Hailey,f,h,2710
Hailey,f,w,801
Hailie,f,h,60
Haley,f,h,252
Hamza,m,a,122
Hamza,m,w,398
Hana,f,a,170
Hana,f,w,334
Haniya,f,a,24
Hanley,m,h,60
Hanna,f,a,139
Hanna,f,w,514
Hannah,f,a,1128
Hannah,f,b,564
Hannah,f,h,738
Hannah,f,w,2234
Hao,m,a,66
Hareem,f,a,77
Harley,f,h,48
Harley,f,w,22
Harlow,f,w,76
Harmony,f,b,542
Harmony,f,h,15
Harper,f,a,104
Harper,f,b,12
Harper,f,w,1240
Harrison,m,a,426
Harrison,m,h,12
Harrison,m,w,1167
Harry,m,a,86
Harry,m,w,428
Harvey,m,w,75
Hashim,m,a,13
Hassan,m,a,73
Hassan,m,b,73
Hassan,m,w,10
Hawa,f,b,432
Hayden,m,a,373
Hayden,m,b,173
Hayden,m,w,145
Haylee,f,h,371
Hayley,f,h,78
Hazel,f,a,92
Hazel,f,h,277
Hazel,f,w,610
Heaven,f,b,705
Heaven,f,h,394
Heavenly,f,b,14
Hector,m,h,724
Heidi,f,h,301
Heidy,f,h,274
Helen,f,a,230
Helen,f,h,397
Helen,f,w,196
Helena,f,w,342
Henchy,f,w,120
Hendy,f,w,11
Henny,f,w,569
Henry,m,a,937
Henry,m,b,10
Henry,m,h,1017
Henry,m,w,4634
Herman,m,w,10
Hersh,m,w,420
Hershel,m,w,596
Hershy,m,w,729
Hillel,m,w,178
Hinda,f,w,297
Hindy,f,w,1102
Holden,m,w,13
Hoorain,f,a,26
Hope,f,b,102
Hope,f,w,10
Hudson,m,a,356
Hudson,m,h,106
Hudson,m,w,1605
Hugo,m,a,21
Hugo,m,h,82
Hugo,m,w,498
Hunter,m,a,371
Hunter,m,b,706
Hunter,m,h,631
Hunter,m,w,1009
Ian,m,a,1020
Ian,m,b,423
Ian,m,h,2675
Ian,m,w,809
Ibrahim,m,a,726
Ibrahim,m,b,782
Ibrahim,m,w,433
Ibrahima,m,b,408
Ibrohim,m,w,13
Idris,m,w,11
Idy,f,w,302
Iker,m,h,960
Ilan,m,w,287
Ilana,f,w,132
Imani,f,b,716
Imani,f,h,66
Imogen,f,w,11
Imona,f,w,30
Imran,m,w,120
Inaaya,f,a,247
Inaya,f,a,118
Ines,f,w,71
Ingrid,f,h,66
Irene,f,a,566
Irene,f,h,66
Iris,f,a,669
Iris,f,h,132
Iris,f,w,376
Isaac,m,a,630
Isaac,m,b,642
Isaac,m,h,2597
Isaac,m,w,3123
Isabel,f,a,267
Isabel,f,h,1044
Isabel,f,w,865
Isabela,f,h,231
Isabella,f,a,1683
Isabella,f,b,1179
Isabella,f,h,8250
Isabella,f,w,3633
Isabelle,f,a,450
Isabelle,f,b,283
Isabelle,f,h,432
Isabelle,f,w,714
Isaiah,m,a,72
Isaiah,m,b,2214
Isaiah,m,h,1813
Isaiah,m,w,255
Isaias,m,h,154
Ishaan,m,a,147
Ishmael,m,b,60
Isiah,m,b,132
Isis,f,b,66
Isis,f,h,143
Isla,f,a,32
Isla,f,w,771
Ismael,m,b,76
Ismael,m,h,701
Ismail,m,a,11
Israel,m,b,243
Israel,m,h,542
Israel,m,w,889
Issac,m,h,13
Issac,m,w,120
Itzel,f,h,603
Ivaan,m,a,10
Ivan,m,a,1507
Ivan,m,h,1105
Ivan,m,w,416
Ivanna,f,h,165
Ivy,f,a,860
Ivy,f,h,10
Ivy,f,w,443
Iymona,f,w,13
Izabella,f,h,513
Izabella,f,w,60
Izaiah,m,h,66
Jabari,m,b,10
Jace,m,a,11
Jace,m,b,929
Jace,m,h,1262
Jace,m,w,237
Jack,m,a,604
Jack,m,h,720
Jack,m,w,5388
Jackson,m,a,385
Jackson,m,b,106
Jackson,m,h,425
Jackson,m,w,2356
Jacky,m,a,217
Jacob,m,a,1475
Jacob,m,b,1949
Jacob,m,h,7905
Jacob,m,w,6781
Jacqueline,f,a,24
Jacqueline,f,h,632
Jacqueline,f,w,519
Jad,m,w,115
Jada,f,b,850
Jada,f,h,204
Jade,f,b,671
Jade,f,h,1377
Jade,f,w,79
Jaden,m,a,928
Jaden,m,b,1274
Jaden,m,h,1369
Jadiel,m,h,1225
Jael,m,h,409
Jaelyn,f,h,83
Jaelynn,f,h,66
Jaheim,m,b,70
Jahir,m,h,60
Jahmir,m,b,168
Jaiden,m,b,707
Jaiden,m,h,653
Jaime,m,h,181
Jair,m,h,60
Jake,m,a,391
Jake,m,h,1017
Jake,m,w,1559
Jakob,m,w,10
Jakub,m,w,66
Jalen,m,b,331
Jaliyah,f,b,267
Jaliyah,f,h,60
Jamal,m,b,170
Jamar,m,b,72
Jamari,m,b,183
Jamel,m,b,146
James,m,a,1291
James,m,b,928
James,m,h,2339
James,m,w,5715
Jameson,m,w,54
Jamie,f,a,66
Jamie,f,h,180
Jamie,m,w,12
Jamir,m,b,118
Jana,f,w,283
Janae,f,b,66
Jane,f,w,711
Janelle,f,b,322
Janelle,f,h,170
Janice,f,a,276
Janiel,m,h,60
Janiya,f,b,88
Janiyah,f,b,292
Jannat,f,a,367
Jannatul,f,a,38
Januel,m,h,126
Jared,m,b,72
Jared,m,h,605
Jariel,m,h,594
Jasiah,m,b,388
Jasiah,m,h,11
Jaslene,f,h,77
Jaslyn,f,h,10
Jasmin,f,h,190
Jasmina,f,w,126
Jasmine,f,a,793
Jasmine,f,b,775
Jasmine,f,h,933
Jasmine,f,w,340
Jason,m,a,2463
Jason,m,b,1075
Jason,m,h,2195
Jason,m,w,1084
Jasper,m,a,648
Jasper,m,w,647
Javier,m,h,984
Jax,m,h,39
Jax,m,w,154
Jaxon,m,b,166
Jaxon,m,h,312
Jaxon,m,w,387
Jaxson,m,b,55
Jaxson,m,h,159
Jaxson,m,w,144
Jay,m,a,203
Jay,m,h,419
Jay,m,w,12
Jayce,m,b,453
Jayce,m,h,759
Jayceon,m,b,437
Jayceon,m,h,88
Jaycob,m,h,126
Jayda,f,b,268
Jayda,f,h,110
Jayden,m,a,4678
Jayden,m,b,3756
Jayden,m,h,8436
Jayden,m,w,920
Jayla,f,b,854
Jayla,f,h,706
Jaylah,f,h,449
Jaylee,f,h,87
Jayleen,f,h,990
Jaylen,m,b,744
Jaylen,m,h,82
Jaylene,f,h,510
Jaylin,f,h,404
Jaylin,m,b,60
Jaylyn,f,h,60
Jayren,m,h,60
Jayson,m,b,150
Jayson,m,h,585
Jaziel,m,h,11
Jazlyn,f,h,610
Jazmin,f,h,687
Jazmine,f,h,257
Jazzlyn,f,h,60
Jean,m,h,692
Jeancarlos,m,h,60
Jefferson,m,h,427
Jeffrey,m,a,584
Jeffrey,m,h,649
Jelani,m,b,66
Jencarlos,m,h,126
Jenna,f,a,84
Jenna,f,w,562
Jennifer,f,a,466
Jennifer,f,h,1232
Jennifer,f,w,78
Jenny,f,a,594
Jeremiah,m,b,3462
Jeremiah,m,h,2971
Jeremias,m,h,167
Jeremy,m,a,910
Jeremy,m,b,362
Jeremy,m,h,3097
Jeremy,m,w,266
Jermaine,m,b,180
Jerry,m,a,604
Jerry,m,h,66
Jesse,m,b,86
Jesse,m,h,60
Jesse,m,w,470
Jessica,f,a,862
Jessica,f,b,126
Jessica,f,h,760
Jessica,f,w,444
Jessie,f,a,311
Jessie,f,h,66
Jesus,m,h,1921
Jewel,f,b,12
Jia,f,a,72
Jia,m,a,90
Jimena,f,h,347
Jimmy,m,a,287
Jimmy,m,h,162
Joanna,f,a,988
Joanna,f,w,76
Joaquin,m,h,505
Joaquin,m,w,76
Jocelyn,f,a,465
Jocelyn,f,h,960
Joel,m,b,787
Joel,m,h,2147
Joel,m,w,771
Johan,m,h,853
Johann,m,h,84
Johanna,f,h,252
John,m,a,615
John,m,b,601
John,m,h,2099
John,m,w,4705
Johnathan,m,h,96
Johnny,m,a,287
Johnny,m,h,451
Jolie,f,h,10
Jolie,f,w,66
Jolin,f,a,60
Jonael,m,h,12
Jonah,m,b,116
Jonah,m,h,375
Jonah,m,w,1464
Jonas,m,b,13
Jonas,m,h,318
Jonathan,m,a,1209
Jonathan,m,b,1229
Jonathan,m,h,3784
Jonathan,m,w,2106
Jordan,f,b,161
Jordan,f,w,142
Jordan,m,a,512
Jordan,m,b,1367
Jordan,m,h,1569
Jordan,m,w,867
Jordi,m,h,12
Jordyn,f,b,520
Jordyn,f,w,192
Jorge,m,h,987
Jose,m,h,3440
Josef,m,w,21
Joselyn,f,h,511
Joseph,m,a,658
Joseph,m,b,1026
Joseph,m,h,3780
Joseph,m,w,7701
Josephine,f,a,114
Josephine,f,h,23
Josephine,f,w,1041
Joshua,m,a,1101
Joshua,m,b,3047
Joshua,m,h,4277
Joshua,m,w,2282
Josiah,m,a,12
Josiah,m,b,2928
Josiah,m,h,1647
Josiah,m,w,10
Josie,f,w,10
Josue,m,h,1105
Journee,f,b,137
Journey,f,b,220
Joy,f,a,464
Joy,f,b,101
Joyce,f,a,515
Joyce,f,w,256
Joziah,m,h,34
Juan,m,h,2226
Judah,m,b,119
Judah,m,w,718
Jude,m,w,615
Judy,f,a,60
Judy,f,w,204
Julia,f,a,485
Julia,f,b,70
Julia,f,h,611
Julia,f,w,2553
Julian,m,a,520
Julian,m,b,584
Julian,m,h,2829
Julian,m,w,2023
Juliana,f,h,575
Juliana,f,w,901
Julianna,f,h,498
Julianna,f,w,571
Julie,f,h,70
Julie,f,w,339
Julien,m,h,248
Julien,m,w,151
Juliet,f,h,565
Juliet,f,w,923
Juliette,f,h,634
Juliette,f,w,841
Julio,m,h,599
Julissa,f,h,438
Julius,m,b,123
Julius,m,h,870
Julius,m,w,14
Jun,m,a,60
June,f,w,333
Junior,m,h,252
Juniper,f,w,147
Justice,m,b,425
Justice,m,h,82
Justin,m,a,2280
Justin,m,b,1807
Justin,m,h,5161
Justin,m,w,1005
Kabir,m,a,109
Kacper,m,w,66
Kaden,m,a,82
Kaden,m,b,577
Kaden,m,h,152
Kadiatou,f,b,163
Kaelyn,f,h,66
Kai,f,b,60
Kai,m,a,527
Kai,m,b,585
Kai,m,h,138
Kai,m,w,567
Kaia,f,a,13
Kaia,f,w,71
Kaiden,m,b,1331
Kaiden,m,h,495
Kailani,f,h,31
Kailee,f,b,11
Kailey,f,h,428
Kailyn,f,h,121
Kairo,m,b,88
Kairo,m,h,12
Kaitlyn,f,a,506
Kaitlyn,f,b,437
Kaitlyn,f,h,767
Kaitlyn,f,w,348
Kalani,f,b,11
Kaleb,m,a,10
Kaleb,m,b,518
Kaleb,m,h,261
Kali,f,b,165
Kali,f,h,10
Kaliyah,f,b,188
Kamari,m,b,377
Kameron,m,b,209
Kamila,f,h,762
Kamila,f,w,13
Kamiyah,f,b,70
Kamren,m,b,11
Karas,m,w,71
Kareem,m,b,304
Kareem,m,w,72
Karen,f,a,327
Karen,f,h,742
Karina,f,a,188
Karina,f,h,156
Karla,f,h,590
Karter,m,b,487
Karter,m,h,20
Kassandra,f,h,78
Kate,f,a,267
Kate,f,h,310
Kate,f,w,468
Katelyn,f,a,300
Katelyn,f,h,493
Katelyn,f,w,72
Katelynn,f,h,132
Katerina,f,w,94
Katherine,f,a,850
Katherine,f,h,1160
Katherine,f,w,1081
Kathryn,f,w,174
Katie,f,a,300
Katie,f,h,359
Katie,f,w,72
Kaya,f,w,60
Kayden,m,a,264
Kayden,m,b,1444
Kayden,m,h,1299
Kayla,f,a,608
Kayla,f,b,1542
Kayla,f,h,1402
Kayla,f,w,1108
Kaylani,f,b,11
Kaylani,f,h,77
Kaylee,f,a,579
Kaylee,f,b,735
Kaylee,f,h,2219
Kaylee,f,w,276
Kayleen,f,h,317
Kayleigh,f,h,60
Kaylie,f,h,313
Kaylin,f,b,96
Kaylin,f,h,270
Kayson,m,h,10
Kazi,m,a,10
Kehlani,f,b,48
Kehlani,f,h,34
Keila,f,h,60
Keily,f,h,185
Keira,f,a,88
Keira,f,w,439
Keith,m,b,132
Kelly,f,a,445
Kelly,f,h,648
Kelsey,f,b,284
Kelsey,f,h,167
Kelvin,m,h,414
Kendra,f,b,72
Kendra,f,h,181
Kendrick,m,h,234
Kennedi,f,b,10
Kennedy,f,b,642
Kennedy,f,w,95
Kenneth,m,a,88
Kenneth,m,b,314
Kenneth,m,h,800
Kenneth,m,w,60
Kenny,m,a,10
Kenny,m,h,438
Kenya,f,b,60
Kenzie,f,b,10
Kenzo,m,b,46
Kevin,m,a,2130
Kevin,m,b,818
Kevin,m,h,4074
Kevin,m,w,855
Keyla,f,h,401
Khadija,f,a,85
Khadija,f,b,46
Khadijah,f,a,11
Khadijah,f,b,103
Khaleesi,f,b,10
Khaleesi,f,h,35
Khalil,m,b,375
Khari,m,b,11
Khloe,f,a,147
Khloe,f,b,1102
Khloe,f,h,1430
Khloe,f,w,66
Kian,m,a,13
Kian,m,w,33
Kiara,f,a,12
Kiara,f,b,338
Kiara,f,h,1002
Kiera,f,w,13
Kieran,m,w,414
Kimberly,f,a,204
Kimberly,f,h,2276
Kimi,m,a,263
Kimora,f,b,506
King,m,b,1410
King,m,h,385
Kingsley,m,a,729
Kingston,m,a,78
Kingston,m,b,130
Kira,f,a,59
Kira,f,w,337
Kiyan,m,b,162
Kori,f,b,32
Kourtney,f,b,72
Krish,m,a,104
Kristen,f,b,60
Kristian,m,b,162
Kristina,f,w,10
Krystal,f,h,78
Kyla,f,b,328
Kyle,m,a,1406
Kyle,m,b,927
Kyle,m,h,332
Kyle,m,w,449
Kylee,f,b,228
Kylee,f,h,60
Kylie,f,a,243
Kylie,f,b,806
Kylie,f,h,1208
Kylie,f,w,252
Kymani,m,b,246
Kyree,m,b,10
Kyrie,m,b,509
Kyrie,m,h,68
Kyro,m,b,11
Kyson,m,a,44
Laia,f,h,10
Laila,f,b,972
Laila,f,h,609
Laila,f,w,573
Lailah,f,b,60
Laith,m,w,82
Lamar,m,b,90
Lana,f,w,233
Landon,m,a,23
Landon,m,b,154
Landon,m,h,499
Landon,m,w,473
Lara,f,w,426
Larry,m,h,60
Laura,f,a,10
Laura,f,h,331
Laura,f,w,435
Lauren,f,a,240
Lauren,f,b,751
Lauren,f,h,504
Lauren,f,w,675
Lauryn,f,b,81
Lawrence,m,a,463
Layan,f,w,207
Layla,f,a,264
Layla,f,b,717
Layla,f,h,1411
Layla,f,w,1270
Lazer,m,w,572
Lea,f,h,60
Lea,f,w,721
Leah,f,a,579
Leah,f,b,1043
Leah,f,h,3006
Leah,f,w,5778
Leandro,m,h,401
Leanna,f,a,14
Leanna,f,h,60
Leela,f,a,154
Legend,m,b,123
Legend,m,h,19
Leia,f,h,55
Leia,f,w,21
Leibish,m,w,82
Leila,f,a,70
Leila,f,b,152
Leila,f,h,616
Leila,f,w,643
Leilani,f,b,365
Leilani,f,h,840
Leilany,f,h,11
Lena,f,a,82
Lena,f,w,642
Lennox,m,h,10
Lenny,m,h,225
Leo,m,a,1312
Leo,m,b,26
Leo,m,h,586
Leo,m,w,3046
Leon,m,a,461
Leon,m,b,164
Leon,m,h,137
Leon,m,w,849
Leona,f,w,72
Leonard,m,w,116
Leonardo,m,a,89
Leonardo,m,h,1657
Leonardo,m,w,970
Leonel,m,h,247
Leonidas,m,h,90
Leonidas,m,w,10
Leora,f,w,308
Lesley,f,h,132
Leslie,f,h,1234
Lesly,f,h,424
Lev,m,w,359
Levi,m,a,13
Levi,m,b,459
Levi,m,h,271
Levi,m,w,1505
Leyla,f,h,199
Leyla,f,w,106
Lia,f,a,10
Lia,f,h,731
Lia,f,w,605
Liah,f,h,13
Liam,m,a,1611
Liam,m,b,2541
Liam,m,h,6122
Liam,m,w,3801
Lian,m,h,60
Liana,f,a,10
Liana,f,h,376
Liana,f,w,455
Lianna,f,h,10
Liba,f,w,512
Libby,f,w,811
Lielle,f,w,31
Lila,f,a,66
Lila,f,w,1100
Lilah,f,w,271
Lilia,f,w,11
Lilian,f,w,70
Liliana,f,h,676
Liliana,f,w,721
Lillian,f,a,391
Lillian,f,b,66
Lillian,f,h,83
Lillian,f,w,1241
Lilliana,f,w,10
Lilly,f,w,392
Lily,f,a,503
Lily,f,b,172
Lily,f,h,512
Lily,f,w,2487
Lina,f,a,72
Lina,f,w,389
Lincoln,m,a,11
Lincoln,m,h,10
Lincoln,m,w,225
Linda,f,a,162
Linda,f,w,60
Lindsay,f,h,172
Lionel,m,h,10
Liora,f,w,12
Lipa,m,w,884
Lisa,f,a,76
Litzy,f,h,316
Liv,f,w,366
Livia,f,a,87
Livia,f,w,309
Liyana,f,a,10
Liz,f,h,60
Lizbeth,f,h,653
Lizeth,f,h,10
Logan,f,b,84
Logan,f,w,21
Logan,m,a,767
Logan,m,b,1482
Logan,m,h,2402
Logan,m,w,1811
Lola,f,h,146
Lola,f,w,563
London,f,b,1888
London,f,h,839
London,f,w,70
Londyn,f,b,605
Londyn,f,h,70
Lorenzo,m,b,60
Lorenzo,m,h,508
Lorenzo,m,w,636
Louis,m,a,458
Louis,m,h,346
Louis,m,w,707
Louisa,f,w,332
Louise,f,w,157
Luca,m,a,135
Luca,m,h,416
Luca,m,w,2361
Lucas,m,a,3632
Lucas,m,b,524
Lucas,m,h,4509
Lucas,m,w,3321
Lucia,f,h,527
Lucia,f,w,734
Lucian,m,w,12
Luciana,f,h,180
Luciana,f,w,81
Lucien,m,w,168
Lucille,f,w,95
Lucy,f,a,26
Lucy,f,w,1529
Luis,m,h,3087
Luka,m,w,639
Lukas,m,h,346
Lukas,m,w,596
Luke,m,a,636
Luke,m,b,313
Luke,m,h,407
Luke,m,w,2738
Luna,f,a,154
Luna,f,b,12
Luna,f,h,1323
Luna,f,w,358
Luz,f,h,366
Lyanna,f,h,10
Lydia,f,a,218
Lydia,f,w,187
Lyla,f,w,539
Lyric,f,b,426
Mabel,f,w,25
Mackenzie,f,b,387
Mackenzie,f,h,223
Mackenzie,f,w,626
Maddox,m,h,80
Madeleine,f,a,83
Madeleine,f,w,923
Madeline,f,a,171
Madeline,f,h,445
Madeline,f,w,1417
Madelyn,f,a,150
Madelyn,f,h,445
Madelyn,f,w,522
Madina,f,w,22
Madison,f,a,681
Madison,f,b,3596
Madison,f,h,3177
Madison,f,w,1933
Madisyn,f,b,166
Mae,f,w,207
Maeve,f,w,688
Magaly,f,h,66
Maggie,f,a,378
Maggie,f,w,10
Mahamadou,m,b,70
Mahnoor,f,a,34
Maia,f,h,263
Maia,f,w,27
Maimouna,f,b,20
Maisie,f,w,105
Maison,m,b,37
Maison,m,h,127
Maite,f,h,60
Major,m,b,229
Makai,m,b,144
Makayla,f,b,1315
Makayla,f,h,564
Makayla,f,w,72
Makenzie,f,b,66
Makhi,m,b,66
Maksim,m,w,126
Malachi,m,b,1495
Malak,f,w,474
Malaysia,f,b,112
Malcolm,m,b,144
Malcolm,m,w,13
Malek,m,w,32
Malia,f,b,642
Malia,f,h,108
Maliha,f,a,21
Malik,m,b,669
Malik,m,w,120
Malika,f,w,56
Maliyah,f,b,443
Malka,f,w,2041
Malky,f,w,1916
Mamadou,m,b,788
Mandy,f,a,228
Manha,f,a,261
Manuel,m,h,865
Marc,m,b,66
Marc,m,h,10
Marc,m,w,390
Marcel,m,w,95
Marcelo,m,h,86
Marco,m,h,654
Marco,m,w,546
Marcos,m,h,579
Marcus,m,a,768
Marcus,m,b,595
Marcus,m,h,585
Marcus,m,w,414
Margaret,f,w,838
Margaux,f,w,110
Margot,f,w,430
Maria,f,h,1460
Maria,f,w,1301
Mariah,f,b,601
Mariah,f,h,516
Mariam,f,a,36
Mariam,f,b,1009
Mariam,f,w,643
Mariama,f,b,569
Mariana,f,h,422
Marie,f,w,10
Marielle,f,w,66
Marilyn,f,h,324
Marina,f,w,73
Mario,m,h,494
Marisol,f,h,60
Marjorie,f,h,191
Mark,m,a,60
Mark,m,b,34
Mark,m,h,364
Mark,m,w,1597
Marley,f,b,36
Marlon,m,h,263
Marlowe,f,w,20
Marquis,m,b,60
Martin,m,a,144
Martin,m,h,457
Martin,m,w,784
Marvin,m,h,314
Mary,f,w,609
Maryam,f,a,530
Maryam,f,b,142
Maryam,f,w,370
Mason,m,a,1468
Mason,m,b,2707
Mason,m,h,5216
Mason,m,w,2480
Massimo,m,w,72
Mateo,m,h,2117
Mateo,m,w,523
Mathew,m,h,505
Mathias,m,h,378
Matias,m,h,794
Matilda,f,w,460
Matteo,m,h,447
Matteo,m,w,808
Matthew,m,a,1843
Matthew,m,b,1485
Matthew,m,h,7511
Matthew,m,w,4446
Matthias,m,h,34
Maurice,m,b,161
Mauricio,m,h,220
Maverick,m,h,11
Maverick,m,w,11
Max,m,a,727
Max,m,h,837
Max,m,w,2870
Maxim,m,w,682
Maximilian,m,a,60
Maximilian,m,h,159
Maximilian,m,w,758
Maximiliano,m,h,421
Maximo,m,h,132
Maximus,m,b,29
Maximus,m,h,633
Maximus,m,w,329
Maxwell,m,a,361
Maxwell,m,b,80
Maxwell,m,h,328
Maxwell,m,w,1421
Maya,f,a,754
Maya,f,b,746
Maya,f,h,1205
Maya,f,w,3217
Mayar,f,w,11
Mayer,m,w,707
Mayson,m,h,66
Mckenzie,f,b,644
Mckenzie,f,h,78
Md,m,a,128
Mechel,m,w,25
Meera,f,a,12
Megan,f,a,332
Megan,f,b,66
Megan,f,h,275
Megan,f,w,72
Meghan,f,h,24
Meilech,m,w,252
Meir,m,w,1502
Meira,f,w,11
Mekhi,m,b,635
Melania,f,w,11
Melanie,f,a,66
Melanie,f,b,440
Melanie,f,h,2729
Melanie,f,w,298
Melany,f,h,764
Melina,f,h,299
Melina,f,w,14
Melissa,f,h,1146
Melissa,f,w,115
Melody,f,a,606
Melody,f,b,213
Melody,f,h,728
Melvin,m,h,328
Menachem,m,w,2551
Menashe,m,w,159
Mendel,m,w,1163
Mendy,m,w,484
Menucha,f,w,78
Meshilem,m,w,43
Messiah,m,b,1126
Messiah,m,h,207
Meyer,m,w,177
Mia,f,a,1630
Mia,f,b,1166
Mia,f,h,6192
Mia,f,w,3668
Miah,f,h,193
Micaela,f,h,12
Micah,m,a,11
Micah,m,b,878
Micah,m,h,11
Micah,m,w,478
Michael,m,a,1051
Michael,m,b,2478
Michael,m,h,4601
Michael,m,w,7047
Michaela,f,w,279
Michal,f,w,188
Michelle,f,a,916
Michelle,f,b,504
Michelle,f,h,1169
Michelle,f,w,873
Miguel,m,h,2270
Mika,f,w,11
Mikael,m,a,10
Mikaela,f,h,262
Mikaela,f,w,12
Mikayla,f,b,354
Mikayla,f,h,246
Mikayla,f,w,303
Mike,m,h,350
Mila,f,a,428
Mila,f,b,107
Mila,f,h,1008
Mila,f,w,1435
Milagros,f,h,60
Milan,f,b,684
Milan,f,h,60
Milan,m,h,398
Milan,m,w,93
Milana,f,w,323
Milani,f,b,63
Milani,f,h,38
Milania,f,w,11
Milena,f,w,97
Miles,m,a,413
Miles,m,b,308
Miles,m,h,116
Miles,m,w,1641
Miley,f,h,282
Millie,f,w,36
Milo,m,h,17
Milo,m,w,644
Mina,f,a,86
Mina,f,w,160
Mindy,f,w,741
Mira,f,a,21
Mira,f,w,253
Miracle,f,b,392
Miracle,f,h,11
Miranda,f,a,239
Miranda,f,h,408
Mirel,f,w,308
Miri,f,w,249
Miriam,f,h,181
Miriam,f,w,4188
Misael,m,h,60
Miya,f,a,25
Mohamed,m,a,160
Mohamed,m,b,1222
Mohamed,m,w,1148
Mohammad,m,a,1501
Mohammad,m,w,219
Mohammed,m,a,928
Mohammed,m,b,287
Mohammed,m,w,582
Moises,m,h,450
Moishe,m,w,546
Moishy,m,w,12
Mollie,f,w,10
Molly,f,w,1066
Monica,f,h,72
Monserrat,f,h,60
Montserrat,f,h,125
Mordche,m,w,81
Mordechai,m,w,2441
Morgan,f,b,803
Morgan,f,w,483
Morris,m,w,271
Moses,m,w,745
Moshe,m,w,6847
Motty,m,w,11
Mouhamed,m,b,177
Moussa,m,b,393
Muhammad,m,a,3214
Muhammad,m,b,268
Muhammad,m,w,419
Muhammad ali,m,w,11
Muntaha,f,a,10
Musa,m,a,242
Musa,m,b,71
Mushka,f,w,155
Muslima,f,w,12
Mustafa,m,a,122
Mya,f,b,694
Mya,f,h,768
Myles,m,b,364
Myles,m,h,76
Myles,m,w,226
Myra,f,a,43
Nabiha,f,a,24
Nachman,m,w,209
Nadia,f,b,156
Nadia,f,h,84
Nadia,f,w,202
Naftali,m,w,697
Naftuli,m,w,390
Nahla,f,b,228
Nailah,f,b,22
Nala,f,b,57
Nalani,f,b,11
Nana,f,b,60
Nana,m,b,60
Nancy,f,h,60
Naomi,f,a,222
Naomi,f,b,990
Naomi,f,h,846
Naomi,f,w,1232
Nashla,f,h,187
Nashley,f,h,60
Nashly,f,h,13
Nasir,m,b,888
Natalia,f,b,72
Natalia,f,h,1071
Natalia,f,w,540
Natalie,f,a,638
Natalie,f,b,55
Natalie,f,h,1034
Natalie,f,w,1192
Nataly,f,h,168
Natasha,f,h,315
Nathalia,f,h,160
Nathalie,f,h,576
Nathaly,f,h,459
Nathan,m,a,1312
Nathan,m,b,1360
Nathan,m,h,1841
Nathan,m,w,2251
Nathanael,m,b,78
Nathanael,m,h,11
Nathaniel,m,a,601
Nathaniel,m,b,1439
Nathaniel,m,h,1613
Nathaniel,m,w,1405
Nava,f,w,39
Nayeli,f,h,454
Nayla,f,h,10
Nazir,m,b,71
Nechama,f,w,775
Nehemiah,m,b,155
Neil,m,a,162
Neil,m,w,10
Nelson,m,a,169
Nelson,m,h,388
Nevaeh,f,b,1320
Nevaeh,f,h,538
Neymar,m,h,287
Nia,f,b,920
Nia,f,h,11
Niam,m,a,13
Nicholas,m,a,798
Nicholas,m,b,858
Nicholas,m,h,2606
Nicholas,m,w,4296
Nico,m,w,394
Nicolas,m,b,66
Nicolas,m,h,1619
Nicolas,m,w,837
Nicole,f,a,839
Nicole,f,h,1808
Nicole,f,w,1244
Nicolette,f,w,166
Nigel,m,b,60
Nikhil,m,a,90
Nikita,m,w,132
Nikolai,m,w,11
Nikolas,m,w,151
Nina,f,a,537
Nina,f,h,202
Nina,f,w,1126
Noa,f,w,873
Noach,m,w,31
Noah,m,a,1248
Noah,m,b,3437
Noah,m,h,5754
Noah,m,w,3829
Noam,m,w,492
Noel,m,b,277
Noel,m,h,751
Noelle,f,w,127
Noemi,f,h,244
Nolan,m,a,119
Nolan,m,b,234
Nolan,m,h,77
Nolan,m,w,553
Noor,f,a,116
Noor,f,w,222
Nora,f,a,53
Nora,f,w,1355
Norah,f,a,23
Norah,f,w,116
Nosson,m,w,214
Nova,f,b,179
Nova,f,h,85
Nova,f,w,14
Nuchem,m,w,16
Nusrat,f,a,11
Nyah,f,h,60
Nyla,f,b,1118
Nyla,f,h,348
Nylah,f,b,914
Nylah,f,h,355
Olive,f,w,433
Oliver,m,a,984
Oliver,m,h,1289
Oliver,m,w,3153
Olivia,f,a,3290
Olivia,f,b,1581
Olivia,f,h,2474
Olivia,f,w,5987
Olympia,f,w,10
Omar,m,a,84
Omar,m,b,474
Omar,m,h,736
Omar,m,w,1288
Omari,m,b,410
Ophelia,f,a,12
Oren,m,w,11
Ori,m,w,66
Orion,m,b,11
Orion,m,h,11
Orion,m,w,82
Orlando,m,h,60
Orly,f,w,10
Oscar,m,a,710
Oscar,m,h,902
Oscar,m,w,917
Oskar,m,w,11
Otis,m,w,30
Otto,m,w,145
Oumar,m,b,325
Oumou,f,b,387
Ousmane,m,b,212
Owen,m,a,1280
Owen,m,b,72
Owen,m,h,332
Owen,m,w,2113
Pablo,m,h,557
Paige,f,b,791
Paige,f,h,95
Paige,f,w,472
Paloma,f,h,11
Paloma,f,w,11
Pamela,f,h,78
Paola,f,h,138
Paris,f,b,754
Paris,f,h,248
Parizoda,f,w,10
Parker,f,w,221
Parker,m,a,20
Parker,m,w,706
Patrick,m,a,190
Patrick,m,b,144
Patrick,m,h,168
Patrick,m,w,1257
Paul,m,b,148
Paul,m,h,265
Paul,m,w,778
Paula,f,h,120
Payton,f,b,102
Pearl,f,w,796
Pedro,m,h,590
Penelope,f,a,307
Penelope,f,b,63
Penelope,f,h,1131
Penelope,f,w,1651
Perel,f,w,352
Peretz,m,w,23
Perl,f,w,300
Perla,f,h,219
Perry,f,w,219
Pessy,f,w,773
Peter,m,a,66
Peter,m,h,398
Peter,m,w,1456
Peyton,f,b,876
Peyton,f,h,344
Peyton,f,w,295
Peyton,m,b,260
Philip,m,w,668
Phoebe,f,a,413
Phoebe,f,w,621
Phoenix,f,b,250
Phoenix,f,h,10
Phoenix,m,b,11
Phoenix,m,w,16
Pierce,m,w,52
Pinchas,m,w,415
Pinchus,m,w,305
Piper,f,w,423
Polina,f,w,72
Poppy,f,w,221
Precious,f,b,60
Preston,m,a,51
Preston,m,b,475
Preston,m,h,238
Preston,m,w,280
Prince,m,b,1051
Prince,m,h,509
Princess,f,b,240
Princeton,m,b,127
Priscilla,f,a,70
Priscilla,f,h,23
Queena,f,a,95
Queenie,f,a,419
Quincy,m,b,182
Quinn,f,w,612
Quinn,m,w,354
Rachel,f,a,698
Rachel,f,b,60
Rachel,f,h,474
Rachel,f,w,5299
Rafael,m,h,836
Rafael,m,w,808
Rahaf,f,w,25
Raina,f,a,199
Raizel,f,w,494
Raizy,f,w,1831
Ralph,m,w,21
Randy,m,h,890
Raphael,m,b,11
Raphael,m,w,658
Raquel,f,h,126
Raquel,f,w,128
Raul,m,h,222
Raya,f,w,11
Rayan,m,a,492
Rayan,m,w,532
Raymond,m,a,796
Raymond,m,h,520
Raymond,m,w,356
Rayna,f,a,10
Rayyan,m,a,291
Reagan,f,w,258
Rebecca,f,a,378
Rebecca,f,b,72
Rebecca,f,h,334
Rebecca,f,w,1325
Reed,m,w,192
Reem,f,w,106
Reese,f,w,532
Rehan,m,a,235
Reid,m,w,405
Reign,f,b,46
Reina,f,a,11
Reizy,f,w,80
Remi,f,w,26
Remy,f,w,30
Remy,m,w,38
Rena,f,w,66
Renata,f,h,10
Renee,f,a,60
Renee,f,w,60
Reuben,m,w,66
Reuven,m,w,135
Rhea,f,a,11
Rhys,m,w,164
Ricardo,m,b,60
Ricardo,m,h,621
Richard,m,a,652
Richard,m,b,449
Richard,m,h,829
Richard,m,w,701
Ricky,m,a,317
Rifka,f,w,86
Rifky,f,w,341
Rihanna,f,h,288
Riley,f,a,207
Riley,f,b,733
Riley,f,h,448
Riley,f,w,1122
Riley,m,a,60
Riley,m,b,253
Riley,m,h,432
Riley,m,w,229
Rina,f,w,24
Riva,f,w,20
River,m,w,65
Rivka,f,w,3233
Rivkah,f,w,55
Rivky,f,w,1566
Riya,f,a,96
Robert,m,a,10
Robert,m,b,536
Robert,m,h,930
Robert,m,w,2149
Roberto,m,h,446
Rocco,m,w,474
Rochel,f,w,809
Rodney,m,b,60
Rodrigo,m,h,347
Roger,m,h,78
Rohaan,m,a,10
Rohan,m,a,449
Roiza,f,w,60
Roizy,f,w,248
Roman,m,a,60
Roman,m,b,103
Roman,m,h,147
Roman,m,w,676
Romeo,m,h,331
Romy,f,w,84
Ronald,m,h,92
Ronaldo,m,h,10
Ronan,m,w,347
Rory,m,w,267
Rosa,f,h,153
Rosa,f,w,149
Rose,f,h,409
Rose,f,w,1268
Roselyn,f,h,198
Rosemary,f,h,11
Rosie,f,w,71
Rowan,f,w,86
Rowan,m,w,417
Roy,m,a,364
Royal,f,b,20
Royal,m,b,48
Royalty,f,b,37
Royce,m,b,14
Royce,m,h,66
Ruben,m,h,263
Ruby,f,a,24
Ruby,f,h,515
Ruby,f,w,1181
Ruchel,f,w,85
Ruchy,f,w,473
Russell,m,w,11
Ruth,f,h,150
Ruth,f,w,306
Ryan,f,b,15
Ryan,f,w,204
Ryan,m,a,4413
Ryan,m,b,1448
Ryan,m,h,3144
Ryan,m,w,3945
Ryder,m,a,133
Ryder,m,w,336
Rylee,f,b,55
Rylee,f,h,24
Sabiha,f,a,12
Sabina,f,w,105
Sabrina,f,a,472
Sabrina,f,h,466
Sabrina,f,w,785
Sade,f,b,96
Sadie,f,h,90
Sadie,f,w,1204
Safa,f,a,90
Safwan,m,a,43
Sage,f,b,44
Sage,f,w,136
Sage,m,b,10
Sahil,m,a,10
Saif,m,a,12
Saifan,m,a,35
Saige,f,b,76
Saint,m,b,14
Salma,f,w,364
Salome,f,h,126
Salvatore,m,w,768
Sam,m,w,957
Sama,f,w,12
Samaira,f,a,13
Samantha,f,a,606
Samantha,f,b,461
Samantha,f,h,2908
Samantha,f,w,1691
Samara,f,a,157
Samara,f,b,231
Samara,f,h,195
Sami,m,w,72
Samir,m,b,148
Samir,m,h,22
Samir,m,w,316
Samira,f,h,14
Samira,f,w,135
Samiya,f,b,60
Samiyah,f,b,251
Sammy,m,w,11
Samuel,m,a,858
Samuel,m,b,952
Samuel,m,h,2160
Samuel,m,w,5103
Sanaa,f,b,478
Sanai,f,b,460
Sandra,f,h,60
Saniya,f,b,78
Saniyah,f,b,315
Santiago,m,h,1497
Santino,m,w,279
Saoirse,f,w,10
Sapphire,f,b,11
Sara,f,a,593
Sara,f,h,681
Sara,f,w,3357
Sarah,f,a,1099
Sarah,f,b,853
Sarah,f,h,1335
Sarah,f,w,5500
Sarahi,f,h,16
Sarai,f,b,490
Sarai,f,h,619
Sari,f,w,10
Sariah,f,b,366
Sariah,f,h,60
Sarina,f,a,66
Sariyah,f,b,30
Sasha,f,b,246
Sasha,f,h,105
Sasha,f,w,412
Saul,m,h,210
Saul,m,w,27
Savanna,f,h,115
Savannah,f,a,90
Savannah,f,b,1192
Savannah,f,h,1204
Savannah,f,w,573
Savion,m,b,60
Sawyer,m,w,295
Scarlet,f,h,469
Scarlett,f,a,248
Scarlett,f,b,66
Scarlett,f,h,2170
Scarlett,f,w,1222
Scott,m,w,11
Sean,m,a,500
Sean,m,b,480
Sean,m,h,444
Sean,m,w,1100
Sebastian,m,a,418
Sebastian,m,b,557
Sebastian,m,h,6073
Sebastian,m,w,2382
Sekou,m,b,90
Selena,f,a,396
Selena,f,h,410
Selim,m,w,64
Selina,f,a,698
Selma,f,w,60
Serafina,f,w,10
Serena,f,a,540
Serena,f,w,297
Serenity,f,b,1405
Serenity,f,h,1165
Sergio,m,h,385
Seth,m,b,142
Seth,m,h,16
Seth,m,w,10
Sevyn,f,b,22
Shaina,f,w,472
Shaindel,f,w,313
Shaindy,f,w,1577
Shalom,m,w,364
Shane,m,b,206
Shane,m,h,60
Shane,m,w,534
Shania,f,b,150
Shaniya,f,b,66
Sharon,f,a,415
Shaul,m,w,89
Shawn,m,a,226
Shawn,m,b,333
Shawn,m,h,90
Shaya,m,w,817
Shayaan,m,a,78
Shayan,m,a,135
Shayla,f,b,60
Shayla,f,h,66
Shayna,f,w,72
Shea,f,w,13
Shea,m,w,402
Sheldon,m,a,13
Sherlyn,f,h,636
Sherry,f,a,78
Shevy,f,w,108
Shia,m,w,890
Shifra,f,w,521
Shiloh,f,b,174
Shiloh,m,b,16
Shimon,m,w,2698
Shira,f,w,547
Shirley,f,a,400
Shirley,f,h,280
Shloime,m,w,385
Shloimy,m,w,421
Shloma,m,w,133
Shlome,m,w,550
Shlomo,m,w,1757
Shmiel,m,w,609
Shmuel,m,w,1483
Shneur,m,w,202
Sholom,m,w,486
Shoshana,f,w,513
Shraga,m,w,142
Shreya,f,a,60
Shukrona,f,w,15
Shulem,m,w,1082
Sidney,m,w,60
Siena,f,w,469
Sienna,f,a,12
Sienna,f,b,17
Sienna,f,h,323
Sienna,f,w,1288
Silas,m,w,316
Sima,f,w,446
Simcha,m,w,886
Simi,f,w,73
Simon,m,a,145
Simon,m,w,1410
Simone,f,b,10
Simone,f,w,546
Sincere,m,b,503
Sky,f,b,10
Skye,f,b,305
Skyla,f,b,642
Skyla,f,h,351
Skylah,f,b,333
Skylah,f,h,60
Skylar,f,a,34
Skylar,f,b,1306
Skylar,f,h,527
Skylar,f,w,608
Skyler,f,b,86
Skyler,f,h,78
Skyler,m,a,10
Skyler,m,b,60
Skyler,m,h,132
Sloane,f,w,672
Sofia,f,a,621
Sofia,f,b,162
Sofia,f,h,4870
Sofia,f,w,3286
Solomon,m,b,10
Solomon,m,w,1246
Sonia,f,w,70
Sonny,m,w,17
Sophia,f,a,3198
Sophia,f,b,807
Sophia,f,h,6417
Sophia,f,w,4771
Sophie,f,a,900
Sophie,f,h,556
Sophie,f,w,2040
Soraya,f,b,60
Spencer,m,a,11
Spencer,m,w,556
Stacey,f,h,66
Stacy,f,h,227
Stanley,m,a,449
Stanley,m,w,60
Stefan,m,w,10
Stella,f,a,557
Stella,f,h,364
Stella,f,w,1977
Stephanie,f,a,528
Stephanie,f,b,60
Stephanie,f,h,1174
Stephanie,f,w,11
Stephany,f,h,66
Stephen,m,b,165
Stephen,m,h,217
Stephen,m,w,337
Steve,m,h,210
Steven,m,a,766
Steven,m,b,219
Steven,m,h,2166
Steven,m,w,842
Subhan,m,a,60
Sulaiman,m,a,10
Summer,f,a,230
Summer,f,b,507
Summer,f,h,184
Summer,f,w,302
Sunny,f,a,60
Suri,f,w,289
Sury,f,w,809
Sydney,f,a,156
Sydney,f,b,552
Sydney,f,w,915
Syed,m,a,651
Syeda,f,a,353
Sylvia,f,a,184
Sylvia,f,w,356
Sylvie,f,w,189
Symphony,f,b,78
Tabitha,f,b,60
Tahmid,m,a,10
Talia,f,b,183
Talia,f,w,1137
Taliyah,f,b,11
Tallulah,f,w,11
Tamar,f,w,306
Tamara,f,w,10
Tamia,f,b,317
Tanisha,f,a,72
Taraji,f,b,72
Tasnim,f,a,60
Tatiana,f,h,277
Taylor,f,a,11
Taylor,f,b,1523
Taylor,f,h,339
Taylor,f,w,658
Taylor,m,b,66
Taylor,m,h,60
Teagan,f,w,36
Tehila,f,w,41
Tenzin,f,a,846
Tenzin,m,a,858
Terrell,m,b,120
Terrence,m,a,84
Terrence,m,b,66
Terry,m,a,76
Tess,f,w,66
Tessa,f,w,381
Thea,f,w,117
Theo,m,a,13
Theo,m,w,378
Theodora,f,w,26
Theodore,m,a,453
Theodore,m,h,109
Theodore,m,w,2785
Thiago,m,h,838
Thierno,m,b,14
Thomas,m,a,498
Thomas,m,b,173
Thomas,m,h,627
Thomas,m,w,3362
Tiana,f,b,374
Tiana,f,h,66
Tianna,f,b,168
Tiffany,f,a,977
Tiffany,f,h,547
Timothy,m,a,430
Timothy,m,b,305
Timothy,m,h,275
Timothy,m,w,678
Timur,m,w,26
Tina,f,a,272
Toba,f,w,25
Tobias,m,w,10
Toby,f,w,1302
Tomas,m,h,190
Tomas,m,w,60
Tony,m,a,262
Tori,f,b,362
Tova,f,w,113
Trany,f,w,158
Travis,m,a,148
Travis,m,b,240
Travis,m,h,78
Trinity,f,b,610
Trinity,f,h,136
Tristan,m,a,415
Tristan,m,b,1421
Tristan,m,h,839
Tristan,m,w,662
Troy,m,b,156
Tyler,m,a,927
Tyler,m,b,2364
Tyler,m,h,1348
Tyler,m,w,1302
Tzipora,f,w,384
Tziporah,f,w,185
Tzippy,f,w,82
Tzirel,f,w,12
Tzivia,f,w,150
Tzvi,m,w,1293
Umar,m,w,21
Uriel,m,h,452
Usher,m,w,723
Valentin,m,h,11
Valentina,f,h,3015
Valentina,f,w,1122
Valentino,m,h,109
Valeria,f,h,1120
Valerie,f,a,24
Valerie,f,h,1500
Valerie,f,w,335
Valery,f,h,229
Vanessa,f,a,332
Vanessa,f,b,85
Vanessa,f,h,1026
Vanessa,f,w,318
Veer,m,a,25
Vera,f,a,10
Vera,f,w,419
Veronica,f,h,160
Veronica,f,w,586
Veronika,f,w,66
Vicky,f,a,609
Victor,m,a,396
Victor,m,b,96
Victor,m,h,1331
Victor,m,w,834
Victoria,f,a,734
Victoria,f,b,884
Victoria,f,h,3362
Victoria,f,w,2632
Vienna,f,w,26
Vihaan,m,a,174
Viktor,m,w,10
Vincent,m,a,1613
Vincent,m,h,496
Vincent,m,w,1427
Vincenzo,m,w,182
Violet,f,a,71
Violet,f,b,146
Violet,f,h,595
Violet,f,w,1353
Violeta,f,h,82
Virginia,f,w,72
Vivian,f,a,1054
Vivian,f,h,60
Vivian,f,w,1160
Viviana,f,h,126
Viviana,f,w,10
Vivienne,f,w,889
Walker,m,w,10
Walter,m,h,60
Walter,m,w,126
Wendy,f,a,96
Wendy,f,h,345
Wesley,m,a,370
Wesley,m,h,183
Wesley,m,w,432
Weston,m,w,86
Wilder,m,w,11
Willa,f,w,559
William,m,a,2091
William,m,b,707
William,m,h,1958
William,m,w,4628
Willow,f,w,53
Wilson,m,a,438
Wilson,m,h,202
Winnie,f,a,560
Winnie,f,w,11
Winston,m,a,286
Winston,m,w,87
Winter,f,b,110
Wolf,m,w,170
Wyatt,m,a,10
Wyatt,m,b,82
Wyatt,m,w,830
Wynter,f,b,269
Xander,m,a,11
Xander,m,h,127
Xander,m,w,11
Xavier,m,a,259
Xavier,m,b,1362
Xavier,m,h,2331
Xavier,m,w,504
Ximena,f,h,602
Xin,f,a,210
Yaakov,m,w,1466
Yachet,f,w,90
Yadiel,m,h,604
Yael,f,w,522
Yael,m,h,102
Yahir,m,h,437
Yahya,m,a,11
Yahya,m,w,87
Yair,m,h,60
Yakov,m,w,1677
Yamilet,f,h,66
Yamileth,f,h,166
Yandel,m,h,252
Yaniel,m,h,60
Yanky,m,w,83
Yara,f,b,12
Yara,f,w,74
Yareli,f,h,10
Yaretzi,f,h,871
Yariel,m,h,310
Yaritza,f,h,22
Yaseen,m,w,173
Yasmin,f,h,60
Yasmin,f,w,94
Yasmina,f,w,101
Yasmine,f,w,142
Yassin,m,w,95
Yechezkel,m,w,144
Yechiel,m,w,878
Yehoshua,m,w,657
Yehuda,m,w,2334
Yehudah,m,w,60
Yehudis,f,w,611
Yerik,m,h,78
Yesenia,f,h,66
Yeshaya,m,w,76
Yida,m,w,91
Yidel,m,w,149
Yides,f,w,739
Yisrael,m,w,299
Yisroel,m,w,2279
Yitta,f,w,72
Yitty,f,w,1274
Yitzchak,m,w,362
Yitzchok,m,w,1915
Yocheved,f,w,780
Yoel,m,w,505
Yona,m,w,60
Yonah,m,w,73
Yonatan,m,w,36
Yosef,m,w,3083
Yossi,m,w,337
Younis,m,w,11
Yousef,m,w,439
Youssef,m,w,511
Yu,f,a,78
Yuna,f,a,11
Yusuf,m,a,180
Yusuf,m,b,16
Yusuf,m,w,438
Zabdiel,m,h,11
Zachariah,m,b,60
Zachary,m,a,622
Zachary,m,b,746
Zachary,m,h,661
Zachary,m,w,2500
Zahara,f,b,71
Zahir,m,b,84
Zahra,f,a,357
Zahra,f,b,32
Zaid,m,h,30
Zaiden,m,b,99
Zain,m,a,311
Zain,m,w,130
Zainab,f,a,663
Zainab,f,b,13
Zainab,f,w,10
Zaire,m,b,634
Zakaria,m,w,10
Zalmen,m,w,284
Zamir,m,b,60
Zander,m,h,10
Zane,m,b,105
Zane,m,w,10
Zaniyah,f,b,190
Zara,f,a,651
Zara,f,b,271
Zara,f,h,129
Zara,f,w,62
Zaria,f,b,89
Zariah,f,b,236
Zayan,m,a,369
Zayden,m,b,203
Zayden,m,h,238
Zayn,m,a,83
Zayn,m,h,10
Zayn,m,w,62
Zelda,f,w,183
Zendaya,f,b,91
Zev,m,w,1416
Zhuri,f,b,10
Zion,m,b,1292
Zion,m,h,342
Zissy,f,w,740
Zoe,f,a,974
Zoe,f,b,985
Zoe,f,h,2176
Zoe,f,w,2390
Zoey,f,a,501
Zoey,f,b,865
Zoey,f,h,969
Zoey,f,w,638
Zora,f,b,11
Zoya,f,a,134
Zuri,f,b,524
Zuri,f,h,12
Zyaire,m,b,96
